"Source:","C:\Users\Mariana\Desktop\Orion_Projects\HLI-C_main\HLI-C_main.kicad_sch"
"Date:","20/09/2022 19:02:33"
"Tool:","Eeschema (6.0.1)"
"Generator:","C:\Program Files\KiCad\6.0\bin\scripting\plugins/bom_csv_grouped_by_value_with_fp.py"
"Component Count:","58"
"Ref","Qnty","Value","Cmp name","Footprint","Description","Vendor"
"C1, C6, C8, C10, C11, C12, C16, C17, C18, ","9","100nF","C","Capacitor_SMD:C_0603_1608Metric_Pad1.08x0.95mm_HandSolder","Unpolarized capacitor",""
"C2, ","1","10nF","C","Capacitor_SMD:C_0603_1608Metric_Pad1.08x0.95mm_HandSolder","Unpolarized capacitor",""
"C3, ","1","4,7uF","C","Capacitor_SMD:C_0603_1608Metric_Pad1.08x0.95mm_HandSolder","Unpolarized capacitor",""
"C4, C7, ","2","1uF","C","Capacitor_SMD:C_0603_1608Metric_Pad1.08x0.95mm_HandSolder","Unpolarized capacitor",""
"C5, ","1","220uFx16V","CP1","Capacitor_Tantalum_SMD:CP_EIA-3528-12_Kemet-T_Pad1.50x2.35mm_HandSolder","",""
"C9, ","1","470uFx16v","CP1","Capacitor_Tantalum_SMD:CP_EIA-3528-12_Kemet-T_Pad1.50x2.35mm_HandSolder","",""
"C13, ","1","47pF","C","Capacitor_SMD:C_0603_1608Metric_Pad1.08x0.95mm_HandSolder","Unpolarized capacitor",""
"C14, ","1","1nF","C","Capacitor_SMD:C_0603_1608Metric_Pad1.08x0.95mm_HandSolder","Unpolarized capacitor",""
"C15, ","1","10UfX6V-Tan","CP1","Capacitor_Tantalum_SMD:CP_EIA-3528-12_Kemet-T_Pad1.50x2.35mm_HandSolder","",""
"C19, ","1","10uFx6V-Tan","CP1","Capacitor_Tantalum_SMD:CP_EIA-3528-12_Kemet-T_Pad1.50x2.35mm_HandSolder","",""
"C20, C21, ","2","10pF","C","Capacitor_SMD:C_0603_1608Metric_Pad1.08x0.95mm_HandSolder","Unpolarized capacitor",""
"C22, C23, ","2","7pF","C","Capacitor_SMD:C_0603_1608Metric_Pad1.08x0.95mm_HandSolder","Unpolarized capacitor",""
"CON1, ","1","USB_B","USB_B","Connector_USB:USB_Mini-B_Lumberg_2486_01_Horizontal","USB Type B connector",""
"CON3, ","1","CR123A","Battery","bt1:BAT_BH123A","Multiple-cell battery",""
"CON4, ","1","Conector_gravaÃ§Ã£o","Conn_02x05_Odd_Even","Connector_PinSocket_1.27mm:PinSocket_2x05_P1.27mm_Vertical","Generic connector, double row, 02x05, odd/even pin numbering scheme (row 1 odd numbers, row 2 even numbers), script generated (kicad-library-utils/schlib/autogen/connector/)",""
"D1, D2, D3, ","3","SSA33L","DIODE","Diode_SMD:D_SOD-123","Diode symbol for simulation only. Pin order incompatible with official kicad footprints",""
"L1, ","1","BLM21PG221SN1D","INDUCTOR","Inductor_SMD:L_0805_2012Metric","Inductor symbol for simulation only",""
"LED1, ","1","RED","LED","LED_SMD:LED_0603_1608Metric_Pad1.05x0.95mm_HandSolder","Light emitting diode",""
"LED2, ","1","GREEN","LED","LED_SMD:LED_0603_1608Metric_Pad1.05x0.95mm_HandSolder","Light emitting diode",""
"Q1, ","1","IRLML5103","IRLML5203","Package_TO_SOT_SMD:SOT-23","-3.0A Id, -30V Vds, 98mOhm Rds, P-Channel HEXFET Power MOSFET, SOT-23",""
"R1, ","1","0R","R","Resistor_SMD:R_0603_1608Metric_Pad0.98x0.95mm_HandSolder","Resistor",""
"R2, R3, R4, ","3","10k","R","Resistor_SMD:R_0603_1608Metric_Pad0.98x0.95mm_HandSolder","Resistor",""
"R5, R6, R10, ","3","1K","R","Resistor_SMD:R_0603_1608Metric_Pad0.98x0.95mm_HandSolder","Resistor",""
"R7, R8, ","2","22k","R","Resistor_SMD:R_0603_1608Metric_Pad0.98x0.95mm_HandSolder","Resistor",""
"R9, ","1","22K","R","Resistor_SMD:R_0603_1608Metric_Pad0.98x0.95mm_HandSolder","Resistor",""
"R11, ","1","1K5","R","Resistor_SMD:R_0603_1608Metric_Pad0.98x0.95mm_HandSolder","Resistor",""
"R12, ","1","3K3","R","Resistor_SMD:R_0603_1608Metric_Pad0.98x0.95mm_HandSolder","Resistor",""
"R13, R14, ","2","470R","R","Resistor_SMD:R_0603_1608Metric_Pad0.98x0.95mm_HandSolder","Resistor",""
"RT1, ","1","300mA - 304N","Thermistor","Resistor_SMD:R_1812_4532Metric","Temperature dependent resistor",""
"U1, ","1","PIC24HJ64GP206-I_PT","PIC24HJ64GP206-I_PT-2021-05-23_19-04-09","footprints:PIC24HJ64GP206-I_slash_PT","",""
"U2, ","1","FM25V10-GTR","FM25V10-GTR-2021-05-23_22-45-04","Package_SO:SOIC-8_3.9x4.9mm_P1.27mm","",""
"U3, ","1","FT232RL","FT232RL","Package_SO:SSOP-28_5.3x10.2mm_P0.65mm","USB to Serial Interface, SSOP-28",""
"U5, U7, ","2","TPS7A0533PDBV","TPS7A0533PDBV-Regulator_Linear","Package_TO_SOT_SMD:SOT-23-5","",""
"U6, ","1","LM3658SD","LM3658SD-2021-05-23_18-21-17","Package_SON:VSON-10-1EP_3x3mm_P0.5mm_EP1.2x2mm","",""
"U8, ","1","ATSHA204A-SSHDA-B","ATSHA204A-SSHDA-B-2021-05-23_18-20-08","Package_SO:SOIC-8_3.9x4.9mm_P1.27mm","",""
"U9, ","1","24AA02-OT","24AA02-OT","Package_TO_SOT_SMD:SOT-23-5","I2C Serial EEPROM, 2Kb, SOT-23",""
"Y1, ","1","Crystal_32KHz","Crystal","Crystal:Crystal_SMD_MicroCrystal_CC7V-T1A-2Pin_3.2x1.5mm","Two pin crystal",""
"Y2, ","1","Crystal_20MHz","Crystal_GND23","Crystal:Crystal_SMD_TXC_7M-4Pin_3.2x2.5mm","Four pin crystal, GND on pins 2 and 3",""
