"Source:","C:\Users\Mariana\Desktop\HLI-M_3.1 - FTD\HLI-M\HLI-M.kicad_sch"
"Date:","02/09/2022 11:47:26"
"Tool:","Eeschema (6.0.1)"
"Generator:","C:\Program Files\KiCad\6.0\bin\scripting\plugins/bom_csv_grouped_by_value_with_fp.py"
"Component Count:","113"
"Ref","Qnty","Value","Cmp name","Footprint","Description","Vendor"
"C1, C6, C9, C11, C12, C13, C17, C18, C19, C23, C24, C25, C26, C27, ","14","100nF","C","Capacitor_SMD:C_0603_1608Metric_Pad1.08x0.95mm_HandSolder","Unpolarized capacitor",""
"C2, ","1","10nF","C","Capacitor_SMD:C_0603_1608Metric_Pad1.08x0.95mm_HandSolder","Unpolarized capacitor",""
"C3, ","1","4,7uF","C","Capacitor_SMD:C_0603_1608Metric_Pad1.08x0.95mm_HandSolder","Unpolarized capacitor",""
"C4, C7, C8, ","3","1uF","C","Capacitor_SMD:C_0603_1608Metric_Pad1.08x0.95mm_HandSolder","Unpolarized capacitor",""
"C5, ","1","220uFx16V","CP1","Capacitor_THT:CP_Radial_D6.3mm_P2.50mm","",""
"C10, ","1","470uFx16v","CP1","Capacitor_THT:CP_Radial_D8.0mm_P3.50mm","",""
"C14, ","1","47pF","C","Capacitor_SMD:C_0603_1608Metric_Pad1.08x0.95mm_HandSolder","Unpolarized capacitor",""
"C15, ","1","1nF","C","Capacitor_SMD:C_0603_1608Metric_Pad1.08x0.95mm_HandSolder","Unpolarized capacitor",""
"C16, ","1","10UfX6V-Tan","CP1","Capacitor_Tantalum_SMD:CP_EIA-3528-12_Kemet-T_Pad1.50x2.35mm_HandSolder","",""
"C20, ","1","10uFx6V-Tan","CP1","Capacitor_Tantalum_SMD:CP_EIA-3528-12_Kemet-T_Pad1.50x2.35mm_HandSolder","",""
"C21, C22, ","2","12pF","C","Capacitor_SMD:C_0603_1608Metric_Pad1.08x0.95mm_HandSolder","Unpolarized capacitor",""
"CA1, ","1","100nF","Array_Cap-New_Library","Resistor_SMD:R_Array_Convex_4x0603","",""
"CA2, CA3, CA4, ","3","Array_Cap","Array_Cap-New_Library","Resistor_SMD:R_Array_Convex_4x0603","",""
"CON1, ","1","","Conn_01x04","6:Molex-0015244449-0","Generic connector, single row, 01x04, script generated (kicad-library-utils/schlib/autogen/connector/)",""
"CON2, ","1","USB_B","USB_B","Connector_USB:USB_B_Lumberg_2411_02_Horizontal","USB Type B connector",""
"CON3, ","1","","Conn_01x25","Connector_Dsub:DSUB-25_Male_Vertical_P2.77x2.84mm_MountingHoles","Generic connector, single row, 01x25, script generated (kicad-library-utils/schlib/autogen/connector/)",""
"CON4, ","1","Connector_Adapter","Conn_02x07_Odd_Even","Connector_IDC:IDC-Header_2x07_P2.54mm_Horizontal","Generic connector, double row, 02x07, odd/even pin numbering scheme (row 1 odd numbers, row 2 even numbers), script generated (kicad-library-utils/schlib/autogen/connector/)",""
"CON5, ","1","Connector_Audio","Conn_01x03","Connector_JST:JST_EH_B3B-EH-A_1x03_P2.50mm_Vertical","Generic connector, single row, 01x03, script generated (kicad-library-utils/schlib/autogen/connector/)",""
"CON6, ","1","Conn_01x15","Conn_01x15","Connector_Dsub:DSUB-15_Female_Vertical_P2.77x2.84mm_MountingHoles","Generic connector, single row, 01x15, script generated (kicad-library-utils/schlib/autogen/connector/)",""
"CON7, ","1","Conn_01x09","Conn_01x09","Connector_Dsub:DSUB-9_Female_Vertical_P2.77x2.84mm_MountingHoles","Generic connector, single row, 01x09, script generated (kicad-library-utils/schlib/autogen/connector/)",""
"CON8, ","1","CR123A","Battery","bt1:BAT_BH123A","Multiple-cell battery",""
"D1, D2, D3, D4, D5, ","5","DSS14U","DIODE","Diode_SMD:D_SOD-123","Diode symbol for simulation only. Pin order incompatible with official kicad footprints",""
"L2, ","1","BLM21PG221SN1D","INDUCTOR","Inductor_SMD:L_0805_2012Metric","Inductor symbol for simulation only",""
"LED1, ","1","BLUE","LED","LED_SMD:LED_0603_1608Metric_Pad1.05x0.95mm_HandSolder","Light emitting diode",""
"LED2, ","1","RED","LED","LED_SMD:LED_0603_1608Metric_Pad1.05x0.95mm_HandSolder","Light emitting diode",""
"LED3, ","1","GREEN","LED","LED_SMD:LED_0603_1608Metric_Pad1.05x0.95mm_HandSolder","Light emitting diode",""
"Q1, ","1","IRLML5103","IRLML5203","Package_TO_SOT_SMD:SOT-23","-3.0A Id, -30V Vds, 98mOhm Rds, P-Channel HEXFET Power MOSFET, SOT-23",""
"Q2, Q3, ","2","BC817","BC817","Package_TO_SOT_SMD:SOT-23","0.8A Ic, 45V Vce, NPN Transistor, SOT-23",""
"Q4, Q5, Q6, Q7, ","4","BSS84","BSS84","Package_TO_SOT_SMD:SOT-23","-0.13A Id, -50V Vds, P-Channel MOSFET, SOT-23",""
"R1, R27, R28, ","3","470R","R","Resistor_SMD:R_0603_1608Metric_Pad0.98x0.95mm_HandSolder","Resistor",""
"R2, R3, R4, ","3","10k","R","Resistor_SMD:R_0603_1608Metric_Pad0.98x0.95mm_HandSolder","Resistor",""
"R5, R10, ","2","22k","R","Resistor_SMD:R_0603_1608Metric_Pad0.98x0.95mm_HandSolder","Resistor",""
"R6, R7, R8, R9, R12, R13, R14, R15, R17, R21, R22, R23, R24, ","13","1K","R","Resistor_SMD:R_0603_1608Metric_Pad0.98x0.95mm_HandSolder","Resistor",""
"R11, R16, R18, ","3","22K","R","Resistor_SMD:R_0603_1608Metric_Pad0.98x0.95mm_HandSolder","Resistor",""
"R19, R20, ","2","33R","R_US","Resistor_SMD:R_0603_1608Metric_Pad0.98x0.95mm_HandSolder","Resistor, US symbol",""
"R25, ","1","1K5","R","Resistor_SMD:R_0603_1608Metric_Pad0.98x0.95mm_HandSolder","Resistor",""
"R26, ","1","3K3","R","Resistor_SMD:R_0603_1608Metric_Pad0.98x0.95mm_HandSolder","Resistor",""
"RA1, ","1","1K","R_Pack04","Resistor_SMD:R_Array_Convex_4x0603","4 resistor network, parallel topology",""
"RA2, RA3, RA4, RA6, RA7, RA8, ","6","R_Pack04","R_Pack04","Resistor_SMD:R_Array_Convex_4x0603","4 resistor network, parallel topology",""
"RA5, ","1","10K","R_Pack04","Resistor_SMD:R_Array_Convex_4x0603","4 resistor network, parallel topology",""
"RT1, ","1","1,5A - 153F","Thermistor","Resistor_SMD:R_1812_4532Metric","Temperature dependent resistor",""
"RT2, ","1","300mA - 304N","Thermistor","Resistor_SMD:R_1812_4532Metric","Temperature dependent resistor",""
"TP1, ","1","TestPoint","TestPoint","TestPoint:TestPoint_Pad_1.5x1.5mm","test point",""
"TP2, TP6, ","2","TestPoint","TestPoint","TestPoint:TestPoint_Pad_D1.5mm","test point",""
"TP3, TP4, TP5, ","3","TestPoint","TestPoint","TestPoint:TestPoint_Pad_D1.0mm","test point",""
"U1, ","1","PIC24HJ64GP206-I_PT","PIC24HJ64GP206-I_PT-2021-05-23_19-04-09","3:PIC24HJ64GP206-I&slash_PT","",""
"U2, ","1","FM25V10-GTR","FM25V10-GTR-2021-05-23_22-45-04","4:FM25V10-GTR","",""
"U3, ","1","MAX3232","MAX3232","Package_SO:SOIC-16_3.9x9.9mm_P1.27mm","3.0V to 5.5V, Low-Power, up to 1Mbps, True RS-232 Transceivers Using Four 0.1Î¼F External Capacitors",""
"U4, U5, ","2","TPS7A0533PDBV","TPS7A0533PDBV-Regulator_Linear","Package_TO_SOT_SMD:SOT-23-5","",""
"U6, ","1","LM3658SD","LM3658SD-2021-05-23_18-21-17","2:LM3658SD","",""
"U8, ","1","FT232RL","FT232RL","Package_SO:SSOP-28_5.3x10.2mm_P0.65mm","USB to Serial Interface, SSOP-28",""
"U9, ","1","ATSHA204A-SSHDA-B","ATSHA204A-SSHDA-B-2021-05-23_18-20-08","1:ATSHA204A-SSHDA-B","",""
"U10, ","1","24AA02-OT","24AA02-OT","Package_TO_SOT_SMD:SOT-23-5","I2C Serial EEPROM, 2Kb, SOT-23",""
"U11, U12, U13, ","3","ULN2003","ULN2003","Package_SO:SOIC-16_3.9x9.9mm_P1.27mm","High Voltage, High Current Darlington Transistor Arrays, SOIC16/SOIC16W/DIP16/TSSOP16",""
"Y1, ","1","Crystal_32KHz","Crystal_GND2_Small","Crystal:Crystal_SMD_SeikoEpson_MC146-4Pin_6.7x1.5mm","Three pin crystal, GND on pin 2, small symbol",""
"Y2, ","1","Crystal_20MHz","Crystal_GND2_Small","Crystal:Resonator_SMD_Murata_CSTxExxV-3Pin_3.0x1.1mm","Three pin crystal, GND on pin 2, small symbol",""
